"subsiteID","(Intercept)","bdMeanNightProp","bdMeanMoonProp","bdMeanForkLength","flow_cfs","temp_c","discharge_cfs","waterDepth_cm","waterDepth_ft","airTemp_C","airTemp_F","turbidity_ntu","waterVel_fts","waterTemp_C","waterTemp_F","lightPenetration_ntu","dissolvedOxygen_mgL","conductivity_mgL","barometer_inHg","precipLevel_qual","percQ","threshold","available","Stage"
"1001",1,1,1,1,1,1,1,1,0,0,0,1,1,1,0,0,0,0,0,0,0,3,3,"Initial"
"1001",1,1,1,1,1,1,1,1,0,0,0,1,1,0,0,0,0,0,0,0,0,3,3,"Interim (Temp)"
"1001",1,1,1,1,1,1,0,1,0,0,0,1,1,1,0,0,0,0,0,0,0,3,3,"Interim (Flow)"
"1001",1,0,0,0,0,0,0,0,0,0,0,0,0,0,0,0,0,0,0,0,0,3,3,"Final"
"1001",-4.74057482299417,0,0,0,0,0,0,0,0,0,0,0,0,0,0,0,0,0,0,0,0,3,3,"Final Model Betas"
"1001",0.00873362445414954,1,1,1,1,1,1,1,1,1,1,1,1,1,1,1,1,1,1,1,1,3,3,"Final Model Odds Ratios"
"1002",1,1,1,1,1,1,1,1,0,0,0,1,1,1,0,0,0,0,0,0,0,28,31,"Initial"
"1002",1,1,1,1,1,1,1,1,0,0,0,1,1,0,0,0,0,0,0,0,0,28,31,"Interim (Temp)"
"1002",1,1,1,1,1,1,0,1,0,0,0,1,1,1,0,0,0,0,0,0,0,28,31,"Interim (Flow)"
"1002",1,0,0,0,1,0,0,1,0,0,0,0,1,0,0,0,0,0,0,0,0,28,31,"Final"
"1002",-1.84635901093212,0,0,0,-0.000687235814793804,0,0,-0.00890651566213446,0,0,0,0,1.0955170708698,0,0,0,0,0,0,0,0,28,31,"Final Model Betas"
"1002",0.157810708614252,1,1,1,0.999313000277652,1,1,0.991133029857136,1,1,1,1,2.99072870234971,1,1,1,1,1,1,1,1,28,31,"Final Model Odds Ratios"
"1003",1,1,1,1,1,1,1,1,0,0,0,1,1,1,0,0,0,0,0,0,0,21,23,"Initial"
"1003",1,1,1,1,1,1,1,1,0,0,0,1,1,0,0,0,0,0,0,0,0,21,23,"Interim (Temp)"
"1003",1,1,1,1,1,1,0,1,0,0,0,1,1,1,0,0,0,0,0,0,0,21,23,"Interim (Flow)"
"1003",1,0,1,0,0,0,0,1,0,0,0,1,1,0,0,0,0,0,0,0,0,21,23,"Final"
"1003",-4.44725197878501,0,2.52300869834339,0,0,0,0,-0.01673240201886,0,0,0,0.0384872152433366,1.29374630514311,0,0,0,0,0,0,0,0,21,23,"Final Model Betas"
"1003",0.0117107040566642,1,12.4660468717087,1,1,1,1,0.983406807104039,1,1,1,1.03923744187524,3.64642160729521,1,1,1,1,1,1,1,1,21,23,"Final Model Odds Ratios"
"1004",1,1,1,1,1,1,1,1,0,0,0,1,1,1,0,0,0,0,0,0,0,61,64,"Initial"
"1004",1,1,1,1,1,1,1,1,0,0,0,1,1,0,0,0,0,0,0,0,0,61,64,"Interim (Temp)"
"1004",1,1,1,1,1,1,0,1,0,0,0,1,1,1,0,0,0,0,0,0,0,61,64,"Interim (Flow)"
"1004",1,0,0,0,1,0,0,1,0,0,0,0,1,0,0,0,0,0,0,0,0,61,64,"Final"
"1004",-3.50294872943886,0,0,0,-0.000552167903214661,0,0,-0.00332076143908139,0,0,0,0,0.603915790505016,0,0,0,0,0,0,0,0,61,64,"Final Model Betas"
"1004",0.0301084706631045,1,1,1,0.999447984513428,1,1,0.996684746190991,1,1,1,1,1.82926782379216,1,1,1,1,1,1,1,1,61,64,"Final Model Odds Ratios"
"1005",1,1,1,1,1,1,1,1,0,0,0,1,1,1,0,0,0,0,0,0,0,59,61,"Initial"
"1005",1,1,1,1,1,1,1,1,0,0,0,1,1,0,0,0,0,0,0,0,0,59,61,"Interim (Temp)"
"1005",1,1,1,1,1,1,0,1,0,0,0,1,1,1,0,0,0,0,0,0,0,59,61,"Interim (Flow)"
"1005",1,0,0,0,1,0,0,1,0,0,0,1,0,0,0,0,0,0,0,0,0,59,61,"Final"
"1005",-2.77426555005915,0,0,0,-0.000260349116331192,0,0,-0.00358874186082685,0,0,0,0.0784983997716576,0,0,0,0,0,0,0,0,0,59,61,"Final Model Betas"
"1005",0.0623952860794326,1,1,1,0.999739684771559,1,1,0.996417689976876,1,1,1,1.0816616242553,1,1,1,1,1,1,1,1,1,59,61,"Final Model Odds Ratios"
"2001",1,1,1,1,1,0,0,0,0,0,0,1,0,1,0,0,0,0,0,0,0,136,151,"Initial"
"2001",1,1,1,1,1,0,0,0,0,0,0,1,0,1,0,0,0,0,0,0,0,136,151,"Interim (Temp)"
"2001",1,1,1,1,1,0,0,0,0,0,0,1,0,1,0,0,0,0,0,0,0,136,151,"Interim (Flow)"
"2001",1,0,0,0,0,0,0,0,0,0,0,1,0,1,0,0,0,0,0,0,0,136,151,"Final"
"2001",-3.60982276231913,0,0,0,0,0,0,0,0,0,0,0.0882156665246853,0,0.137765350698885,0,0,0,0,0,0,0,136,151,"Final Model Betas"
"2001",0.0270566418978698,1,1,1,1,1,1,1,1,1,1,1.0922236527086,1,1.14770621021507,1,1,1,1,1,1,1,136,151,"Final Model Odds Ratios"
"2004",1,1,1,1,1,0,0,0,0,0,0,1,0,1,0,0,0,0,0,0,0,8,8,"Initial"
"2004",1,1,1,1,1,0,0,0,0,0,0,1,0,1,0,0,0,0,0,0,0,8,8,"Interim (Temp)"
"2004",1,1,1,1,1,0,0,0,0,0,0,1,0,1,0,0,0,0,0,0,0,8,8,"Interim (Flow)"
"2004",1,0,0,0,0,0,0,0,0,0,0,0,0,0,0,0,0,0,0,0,0,8,8,"Final"
"2004",-2.22594567845221,0,0,0,0,0,0,0,0,0,0,0,0,0,0,0,0,0,0,0,0,8,8,"Final Model Betas"
"2004",0.107965269913175,1,1,1,1,1,1,1,1,1,1,1,1,1,1,1,1,1,1,1,1,8,8,"Final Model Odds Ratios"
"3001",1,1,1,1,1,0,1,0,0,0,0,1,0,1,0,0,0,0,0,0,0,76,82,"Initial"
"3001",1,1,1,1,1,0,1,0,0,0,0,1,0,1,0,0,0,0,0,0,0,76,82,"Interim (Temp)"
"3001",1,1,1,1,1,0,0,0,0,0,0,1,0,1,0,0,0,0,0,0,0,76,82,"Interim (Flow)"
"3001",1,0,0,0,0,0,0,0,0,0,0,1,0,0,0,0,0,0,0,0,0,76,82,"Final"
"3001",-4.00598797385434,0,0,0,0,0,0,0,0,0,0,0.103000775831904,0,0,0,0,0,0,0,0,0,76,82,"Final Model Betas"
"3001",0.018206293028742,1,1,1,1,1,1,1,1,1,1,1.10849226907934,1,1,1,1,1,1,1,1,1,76,82,"Final Model Odds Ratios"
"3002",1,1,1,1,1,0,1,0,0,0,0,1,0,1,0,0,0,0,0,0,0,11,12,"Initial"
"3002",1,1,1,1,1,0,1,0,0,0,0,1,0,1,0,0,0,0,0,0,0,11,12,"Interim (Temp)"
"3002",1,1,1,1,1,0,0,0,0,0,0,1,0,1,0,0,0,0,0,0,0,11,12,"Interim (Flow)"
"3002",1,0,1,1,1,0,0,0,0,0,0,1,0,0,0,0,0,0,0,0,0,11,12,"Final"
"3002",-17.0737027047188,0,-32.5366226595123,0.647362554222048,-0.00102894709891711,0,0,0,0,0,0,0.533738875867718,0,0,0,0,0,0,0,0,0,11,12,"Final Model Betas"
"3002",3.84578613783581e-08,1,7.40498732027098e-15,1.91049535045473,0.998971582085633,1,1,1,1,1,1,1.70529629529262,1,1,1,1,1,1,1,1,1,11,12,"Final Model Odds Ratios"
"34001",1,1,1,1,1,1,0,0,0,0,0,1,0,1,0,0,0,0,0,0,0,82,88,"Initial"
"34001",1,1,1,1,1,1,0,0,0,0,0,1,0,0,0,0,0,0,0,0,0,82,88,"Interim (Temp)"
"34001",1,1,1,1,1,1,0,0,0,0,0,1,0,1,0,0,0,0,0,0,0,82,88,"Interim (Flow)"
"34001",1,0,0,0,1,0,0,0,0,0,0,0,0,0,0,0,0,0,0,0,0,82,88,"Final"
"34001",-2.41524938382147,0,0,0,-0.000465268221617395,0,0,0,0,0,0,0,0,0,0,0,0,0,0,0,0,82,88,"Final Model Betas"
"34001",0.0893450549320069,1,1,1,0.999534839998857,1,1,1,1,1,1,1,1,1,1,1,1,1,1,1,1,82,88,"Final Model Odds Ratios"
"4001",1,1,1,1,1,0,1,0,0,0,0,1,0,1,0,0,0,0,0,0,0,16,17,"Initial"
"4001",1,1,1,1,1,0,1,0,0,0,0,1,0,1,0,0,0,0,0,0,0,16,17,"Interim (Temp)"
"4001",1,1,1,1,1,0,0,0,0,0,0,1,0,1,0,0,0,0,0,0,0,16,17,"Interim (Flow)"
"4001",1,0,0,0,0,0,0,0,0,0,0,0,0,0,0,0,0,0,0,0,0,16,17,"Final"
"4001",-3.43025840439763,0,0,0,0,0,0,0,0,0,0,0,0,0,0,0,0,0,0,0,0,16,17,"Final Model Betas"
"4001",0.0323785729261763,1,1,1,1,1,1,1,1,1,1,1,1,1,1,1,1,1,1,1,1,16,17,"Final Model Odds Ratios"
"42010",1,1,1,1,0,1,0,1,0,0,0,1,1,1,0,0,0,0,0,0,1,27,29,"Initial"
"42010",1,1,1,1,0,1,0,1,0,0,0,1,1,0,0,0,0,0,0,0,1,27,29,"Interim (Temp)"
"42010",1,1,1,1,0,1,0,1,0,0,0,1,1,1,0,0,0,0,0,0,1,27,29,"Interim (Flow)"
"42010",1,1,0,0,0,1,0,1,0,0,0,0,0,0,0,0,0,0,0,0,0,27,29,"Final"
"42010",-14.2686505446947,-9.07649219354033,0,0,0,0.67323864441153,0,0.0105612349031216,0,0,0,0,0,0,0,0,0,0,0,0,0,27,29,"Final Model Betas"
"42010",6.3562914775201e-07,0.000114321924113515,1,1,1,1.9605766603057,1,1.01061720159674,1,1,1,1,1,1,1,1,1,1,1,1,1,27,29,"Final Model Odds Ratios"
"42020",1,1,1,1,0,1,0,1,0,0,0,1,1,1,0,0,0,0,0,0,1,58,62,"Initial"
"42020",1,1,1,1,0,1,0,1,0,0,0,1,1,0,0,0,0,0,0,0,1,58,62,"Interim (Temp)"
"42020",1,1,1,1,0,1,0,1,0,0,0,1,1,1,0,0,0,0,0,0,1,58,62,"Interim (Flow)"
"42020",1,1,0,0,0,1,0,1,0,0,0,1,0,0,0,0,0,0,0,0,1,58,62,"Final"
"42020",-7.81570547118001,4.0254835584642,0,0,0,-0.278555612894502,0,0.00358954419738887,0,0,0,0.0533709349395632,0,0,0,0,0,0,0,0,161.522368448509,58,62,"Final Model Betas"
"42020",0.000403350167552143,56.0073850797428,1,1,1,0.75687617450461,1,1.00359599432653,1,1,1,1.05482084246594,1,1,1,1,1,1,1,1,1.40693269184706e+70,58,62,"Final Model Odds Ratios"
"42030",1,1,1,1,0,1,0,1,0,0,0,1,1,1,0,0,0,0,0,0,1,66,69,"Initial"
"42030",1,1,1,1,0,1,0,1,0,0,0,1,1,0,0,0,0,0,0,0,1,66,69,"Interim (Temp)"
"42030",1,1,1,1,0,1,0,1,0,0,0,1,1,1,0,0,0,0,0,0,1,66,69,"Interim (Flow)"
"42030",1,0,1,1,0,0,0,0,0,0,0,1,0,0,0,0,0,0,0,0,0,66,69,"Final"
"42030",-7.71229163726872,0,1.38426237250474,0.0609566369395836,0,0,0,0,0,0,0,-0.0316716135499194,0,0,0,0,0,0,0,0,0,66,69,"Final Model Betas"
"42030",0.000447295263232927,1,3.99188029790434,1.06285282463666,1,1,1,1,1,1,1,0.968824678744025,1,1,1,1,1,1,1,1,1,66,69,"Final Model Odds Ratios"
"42040",1,1,1,1,0,1,0,1,0,0,0,1,1,1,0,0,0,0,0,0,1,28,29,"Initial"
"42040",1,1,1,1,0,1,0,1,0,0,0,1,1,0,0,0,0,0,0,0,1,28,29,"Interim (Temp)"
"42040",1,1,1,1,0,1,0,1,0,0,0,1,1,1,0,0,0,0,0,0,1,28,29,"Interim (Flow)"
"42040",1,0,0,0,0,1,0,0,0,0,0,0,0,0,0,0,0,0,0,0,1,28,29,"Final"
"42040",-3.1554827040235,0,0,0,0,-0.355535546171429,0,0,0,0,0,0,0,0,0,0,0,0,0,0,177.006432116655,28,29,"Final Model Betas"
"42040",0.0426178242315803,1,1,1,1,0.70079803298928,1,1,1,1,1,1,1,1,1,1,1,1,1,1,7.46305650227227e+76,28,29,"Final Model Odds Ratios"
"42050",1,1,1,1,0,1,0,1,0,0,0,1,1,1,0,0,0,0,0,0,1,31,34,"Initial"
"42050",1,1,1,1,0,1,0,1,0,0,0,1,1,0,0,0,0,0,0,0,1,31,34,"Interim (Temp)"
"42050",1,1,1,1,0,1,0,1,0,0,0,1,1,1,0,0,0,0,0,0,1,31,34,"Interim (Flow)"
"42050",1,0,0,0,0,0,0,0,0,0,0,0,0,0,0,0,0,0,0,0,1,31,34,"Final"
"42050",-5.61809310319555,0,0,0,0,0,0,0,0,0,0,0,0,0,0,0,0,0,0,0,136.080105121079,31,34,"Final Model Betas"
"42050",0.00363155951976503,1,1,1,1,1,1,1,1,1,1,1,1,1,1,1,1,1,1,1,1.25556369917609e+59,31,34,"Final Model Odds Ratios"
"42055",1,1,1,1,0,1,0,1,0,0,0,1,1,1,0,0,0,0,0,0,1,2,2,"Initial"
"42055",1,1,1,1,0,1,0,1,0,0,0,1,1,0,0,0,0,0,0,0,1,2,2,"Interim (Temp)"
"42055",1,1,1,1,0,1,0,1,0,0,0,1,1,1,0,0,0,0,0,0,1,2,2,"Interim (Flow)"
"42055",1,0,0,0,0,0,0,0,0,0,0,0,0,0,0,0,0,0,0,0,0,2,2,"Final"
"42055",-4.69657665231193,0,0,0,0,0,0,0,0,0,0,0,0,0,0,0,0,0,0,0,0,2,2,"Final Model Betas"
"42055",0.00912646675358549,1,1,1,1,1,1,1,1,1,1,1,1,1,1,1,1,1,1,1,1,2,2,"Final Model Odds Ratios"
"42060",1,1,1,1,0,1,0,1,0,0,0,1,1,1,0,0,0,0,0,0,1,68,72,"Initial"
"42060",1,1,1,1,0,1,0,1,0,0,0,1,1,0,0,0,0,0,0,0,1,68,72,"Interim (Temp)"
"42060",1,1,1,1,0,1,0,1,0,0,0,1,1,1,0,0,0,0,0,0,1,68,72,"Interim (Flow)"
"42060",1,0,0,0,0,0,0,0,0,0,0,0,0,0,0,0,0,0,0,0,1,68,72,"Final"
"42060",-3.94686906003536,0,0,0,0,0,0,0,0,0,0,0,0,0,0,0,0,0,0,0,26.4865024521659,68,72,"Final Model Betas"
"42060",0.0193150815641052,1,1,1,1,1,1,1,1,1,1,1,1,1,1,1,1,1,1,1,318377127363.358,68,72,"Final Model Odds Ratios"
"42065",1,1,1,1,0,1,0,1,0,0,0,1,1,1,0,0,0,0,0,0,1,3,3,"Initial"
"42065",1,1,1,1,0,1,0,1,0,0,0,1,1,0,0,0,0,0,0,0,1,3,3,"Interim (Temp)"
"42065",1,1,1,1,0,1,0,1,0,0,0,1,1,1,0,0,0,0,0,0,1,3,3,"Interim (Flow)"
"42065",1,0,0,0,0,0,0,0,0,0,0,0,0,0,0,0,0,0,0,0,0,3,3,"Final"
"42065",-4.64332195147115,0,0,0,0,0,0,0,0,0,0,0,0,0,0,0,0,0,0,0,0,3,3,"Final Model Betas"
"42065",0.00962566845383086,1,1,1,1,1,1,1,1,1,1,1,1,1,1,1,1,1,1,1,1,3,3,"Final Model Odds Ratios"
"42066",1,1,1,1,0,1,0,1,0,0,0,1,1,1,0,0,0,0,0,0,1,3,3,"Initial"
"42066",1,1,1,1,0,1,0,1,0,0,0,1,1,0,0,0,0,0,0,0,1,3,3,"Interim (Temp)"
"42066",1,1,1,1,0,1,0,1,0,0,0,1,1,1,0,0,0,0,0,0,1,3,3,"Interim (Flow)"
"42066",1,0,0,0,0,0,0,0,0,0,0,0,0,0,0,0,0,0,0,0,0,3,3,"Final"
"42066",-5.05199047975718,0,0,0,0,0,0,0,0,0,0,0,0,0,0,0,0,0,0,0,0,3,3,"Final Model Betas"
"42066",0.00639658848627501,1,1,1,1,1,1,1,1,1,1,1,1,1,1,1,1,1,1,1,1,3,3,"Final Model Odds Ratios"
"42070",1,1,1,1,0,1,0,1,0,0,0,1,1,1,0,0,0,0,0,0,1,43,44,"Initial"
"42070",1,1,1,1,0,1,0,1,0,0,0,1,1,0,0,0,0,0,0,0,1,43,44,"Interim (Temp)"
"42070",1,1,1,1,0,1,0,1,0,0,0,1,1,1,0,0,0,0,0,0,1,43,44,"Interim (Flow)"
"42070",1,1,0,0,0,0,0,1,0,0,0,0,0,0,0,0,0,0,0,0,1,43,44,"Final"
"42070",-6.67521739692889,5.24654752492667,0,0,0,0,0,-0.00451002366710153,0,0,0,0,0,0,0,0,0,0,0,0,32.7739185496183,43,44,"Final Model Betas"
"42070",0.00126179824496193,189.909477596389,1,1,1,1,1,0.995500131217645,1,1,1,1,1,1,1,1,1,1,1,1,171211123222266,43,44,"Final Model Odds Ratios"
"42075",1,1,1,1,0,1,0,1,0,0,0,1,1,1,0,0,0,0,0,0,1,3,3,"Initial"
"42075",1,1,1,1,0,1,0,1,0,0,0,1,1,0,0,0,0,0,0,0,1,3,3,"Interim (Temp)"
"42075",1,1,1,1,0,1,0,1,0,0,0,1,1,1,0,0,0,0,0,0,1,3,3,"Interim (Flow)"
"42075",1,0,0,0,0,0,0,0,0,0,0,0,0,0,0,0,0,0,0,0,0,3,3,"Final"
"42075",-4.64332195182058,0,0,0,0,0,0,0,0,0,0,0,0,0,0,0,0,0,0,0,0,3,3,"Final Model Betas"
"42075",0.00962566845046735,1,1,1,1,1,1,1,1,1,1,1,1,1,1,1,1,1,1,1,1,3,3,"Final Model Odds Ratios"
"42080",1,1,1,1,0,1,0,1,0,0,0,1,1,1,0,0,0,0,0,0,1,68,71,"Initial"
"42080",1,1,1,1,0,1,0,1,0,0,0,1,1,0,0,0,0,0,0,0,1,68,71,"Interim (Temp)"
"42080",1,1,1,1,0,1,0,1,0,0,0,1,1,1,0,0,0,0,0,0,1,68,71,"Interim (Flow)"
"42080",1,0,0,1,0,1,0,1,0,0,0,0,0,0,0,0,0,0,0,0,0,68,71,"Final"
"42080",1.6940109421834,0,0,-0.0607899241462163,0,-0.393292534133833,0,-0.00605179844077283,0,0,0,0,0,0,0,0,0,0,0,0,0,68,71,"Final Model Betas"
"42080",5.44126158061941,1,1,0.941020904782961,1,0.674831307516534,1,0.993966476806788,1,1,1,1,1,1,1,1,1,1,1,1,1,68,71,"Final Model Odds Ratios"
"42090",1,1,1,1,0,1,0,1,0,0,0,1,1,1,0,0,0,0,0,0,1,24,26,"Initial"
"42090",1,1,1,1,0,1,0,1,0,0,0,1,1,0,0,0,0,0,0,0,1,24,26,"Interim (Temp)"
"42090",1,1,1,1,0,1,0,1,0,0,0,1,1,1,0,0,0,0,0,0,1,24,26,"Interim (Flow)"
"42090",1,1,0,0,0,0,0,0,0,0,0,1,0,0,0,0,0,0,0,0,1,24,26,"Final"
"42090",-7.32077169890547,1.43101225231874,0,0,0,0,0,0,0,0,0,0.0578069081253767,0,0,0,0,0,0,0,0,151.733260187896,24,26,"Final Model Betas"
"42090",0.000661651418473086,4.18293123145414,1,1,1,1,1,1,1,1,1,1.05951039310938,1,1,1,1,1,1,1,1,7.8871049677351e+65,24,26,"Final Model Odds Ratios"
"42100",1,1,1,1,0,1,0,1,0,0,0,1,1,1,0,0,0,0,0,0,1,25,27,"Initial"
"42100",1,1,1,1,0,1,0,1,0,0,0,1,1,0,0,0,0,0,0,0,1,25,27,"Interim (Temp)"
"42100",1,1,1,1,0,1,0,1,0,0,0,1,1,1,0,0,0,0,0,0,1,25,27,"Interim (Flow)"
"42100",1,1,1,1,0,0,0,1,0,0,0,0,0,0,0,0,0,0,0,0,1,25,27,"Final"
"42100",-9.8406095114882,4.75203857608293,-2.32379756079947,0.0197110728678534,0,0,0,0.00194089564459358,0,0,0,0,0,0,0,0,0,0,0,0,305.135020204618,25,27,"Final Model Betas"
"42100",5.32448478797171e-05,115.820152220622,0.0979010934165688,1.01990661875791,1,1,1,1.00194278040172,1,1,1,1,1,1,1,1,1,1,1,1,3.2995560509403e+132,25,27,"Final Model Odds Ratios"
"42110",1,1,1,1,0,1,0,1,0,0,0,1,1,1,0,0,0,0,0,0,1,53,55,"Initial"
"42110",1,1,1,1,0,1,0,1,0,0,0,1,1,0,0,0,0,0,0,0,1,53,55,"Interim (Temp)"
"42110",1,1,1,1,0,1,0,1,0,0,0,1,1,1,0,0,0,0,0,0,1,53,55,"Interim (Flow)"
"42110",1,0,1,0,0,1,0,0,0,0,0,0,0,0,0,0,0,0,0,0,1,53,55,"Final"
"42110",-15.5239161900058,0,1.69435247657781,0,0,0.827762852087496,0,0,0,0,0,0,0,0,0,0,0,0,0,0,108.731202229149,53,55,"Final Model Betas"
"42110",1.81154389245132e-07,1,5.4431202759843,1,1,2.28819398159066,1,1,1,1,1,1,1,1,1,1,1,1,1,1,1.66479644121364e+47,53,55,"Final Model Odds Ratios"
"5001",1,1,1,1,1,1,1,0,0,0,0,1,0,1,0,0,0,0,0,0,0,97,106,"Initial"
"5001",1,1,1,1,1,1,1,0,0,0,0,1,0,0,0,0,0,0,0,0,0,97,106,"Interim (Temp)"
"5001",1,1,1,1,1,1,0,0,0,0,0,1,0,1,0,0,0,0,0,0,0,97,106,"Interim (Flow)"
"5001",1,0,0,0,1,0,0,0,0,0,0,0,0,0,0,0,0,0,0,0,0,97,106,"Final"
"5001",-3.54924699125002,0,0,0,-6.56894396255981e-05,0,0,0,0,0,0,0,0,0,0,0,0,0,0,0,0,97,106,"Final Model Betas"
"5001",0.0287462777050375,1,1,1,0.999934312717878,1,1,1,1,1,1,1,1,1,1,1,1,1,1,1,1,97,106,"Final Model Odds Ratios"
"5002",1,1,1,1,1,1,1,0,0,0,0,1,0,1,0,0,0,0,0,0,0,127,140,"Initial"
"5002",1,1,1,1,1,1,1,0,0,0,0,1,0,0,0,0,0,0,0,0,0,127,140,"Interim (Temp)"
"5002",1,1,1,1,1,1,0,0,0,0,0,1,0,1,0,0,0,0,0,0,0,127,140,"Interim (Flow)"
"5002",1,1,0,0,1,0,0,0,0,0,0,0,0,0,0,0,0,0,0,0,0,127,140,"Final"
"5002",-5.92409477364103,3.96541872890245,0,0,-0.000164437160510924,0,0,0,0,0,0,0,0,0,0,0,0,0,0,0,0,127,140,"Final Model Betas"
"5002",0.00267422737095863,52.7423495126558,1,1,0.999835576358538,1,1,1,1,1,1,1,1,1,1,1,1,1,1,1,1,127,140,"Final Model Odds Ratios"
"5003",1,1,1,1,1,1,1,0,0,0,0,1,0,1,0,0,0,0,0,0,0,54,59,"Initial"
"5003",1,1,1,1,1,1,1,0,0,0,0,1,0,0,0,0,0,0,0,0,0,54,59,"Interim (Temp)"
"5003",1,1,1,1,1,1,0,0,0,0,0,1,0,1,0,0,0,0,0,0,0,54,59,"Interim (Flow)"
"5003",1,0,0,0,0,0,0,0,0,0,0,1,0,0,0,0,0,0,0,0,0,54,59,"Final"
"5003",-4.33601821257512,0,0,0,0,0,0,0,0,0,0,-0.187284389143333,0,0,0,0,0,0,0,0,0,54,59,"Final Model Betas"
"5003",0.0130885403694772,1,1,1,1,1,1,1,1,1,1,0.829207885130128,1,1,1,1,1,1,1,1,1,54,59,"Final Model Odds Ratios"
"52001",1,1,1,1,1,0,0,0,0,0,0,1,0,1,0,0,0,0,0,0,0,49,54,"Initial"
"52001",1,1,1,1,1,0,0,0,0,0,0,1,0,1,0,0,0,0,0,0,0,49,54,"Interim (Temp)"
"52001",1,1,1,1,1,0,0,0,0,0,0,1,0,1,0,0,0,0,0,0,0,49,54,"Interim (Flow)"
"52001",1,0,0,0,1,0,0,0,0,0,0,0,0,1,0,0,0,0,0,0,0,49,54,"Final"
"52001",1.55190898051678,0,0,0,-0.000834926244238939,0,0,0,0,0,0,0,0,-0.553763016375284,0,0,0,0,0,0,0,49,54,"Final Model Betas"
"52001",4.72047287762543,1,1,1,0.999165422209693,1,1,1,1,1,1,1,1,0.574782818566251,1,1,1,1,1,1,1,49,54,"Final Model Odds Ratios"
"52002",1,1,1,1,1,0,0,0,0,0,0,1,0,1,0,0,0,0,0,0,0,14,15,"Initial"
"52002",1,1,1,1,1,0,0,0,0,0,0,1,0,1,0,0,0,0,0,0,0,14,15,"Interim (Temp)"
"52002",1,1,1,1,1,0,0,0,0,0,0,1,0,1,0,0,0,0,0,0,0,14,15,"Interim (Flow)"
"52002",1,0,0,0,0,0,0,0,0,0,0,0,0,0,0,0,0,0,0,0,0,14,15,"Final"
"52002",-4.79966498512743,0,0,0,0,0,0,0,0,0,0,0,0,0,0,0,0,0,0,0,0,14,15,"Final Model Betas"
"52002",0.00823250459856321,1,1,1,1,1,1,1,1,1,1,1,1,1,1,1,1,1,1,1,1,14,15,"Final Model Odds Ratios"
"52003",1,1,1,1,1,0,0,0,0,0,0,1,0,1,0,0,0,0,0,0,0,6,6,"Initial"
"52003",1,1,1,1,1,0,0,0,0,0,0,1,0,1,0,0,0,0,0,0,0,6,6,"Interim (Temp)"
"52003",1,1,1,1,1,0,0,0,0,0,0,1,0,1,0,0,0,0,0,0,0,6,6,"Interim (Flow)"
"52003",1,0,0,0,0,0,0,0,0,0,0,0,0,0,0,0,0,0,0,0,0,6,6,"Final"
"52003",-3.32268411603309,0,0,0,0,0,0,0,0,0,0,0,0,0,0,0,0,0,0,0,0,6,6,"Final Model Betas"
"52003",0.0360559234734098,1,1,1,1,1,1,1,1,1,1,1,1,1,1,1,1,1,1,1,1,6,6,"Final Model Odds Ratios"
"52004",1,1,1,1,1,0,0,0,0,0,0,1,0,1,0,0,0,0,0,0,0,3,3,"Initial"
"52004",1,1,1,1,1,0,0,0,0,0,0,1,0,1,0,0,0,0,0,0,0,3,3,"Interim (Temp)"
"52004",1,1,1,1,1,0,0,0,0,0,0,1,0,1,0,0,0,0,0,0,0,3,3,"Interim (Flow)"
"52004",1,0,0,0,0,0,0,0,0,0,0,0,0,0,0,0,0,0,0,0,0,3,3,"Final"
"52004",-7.5755846515567,0,0,0,0,0,0,0,0,0,0,0,0,0,0,0,0,0,0,0,0,3,3,"Final Model Betas"
"52004",0.000512820512821071,1,1,1,1,1,1,1,1,1,1,1,1,1,1,1,1,1,1,1,1,3,3,"Final Model Odds Ratios"
"57001",1,1,1,1,1,1,0,1,0,0,0,1,1,1,0,0,0,0,0,0,0,36,37,"Initial"
"57001",1,1,1,1,1,1,0,1,0,0,0,1,1,0,0,0,0,0,0,0,0,36,37,"Interim (Temp)"
"57001",1,1,1,1,1,1,0,1,0,0,0,1,1,1,0,0,0,0,0,0,0,36,37,"Interim (Flow)"
"57001",1,1,0,1,1,0,0,0,0,0,0,0,0,0,0,0,0,0,0,0,0,36,37,"Final"
"57001",-5.45889175817494,4.53868785503196,0,0.0297347527753895,-0.000864922577293967,0,0,0,0,0,0,0,0,0,0,0,0,0,0,0,0,36,37,"Final Model Betas"
"57001",0.00425827232627044,93.5679448271497,1,1.03018124499447,0.999135451360422,1,1,1,1,1,1,1,1,1,1,1,1,1,1,1,1,36,37,"Final Model Odds Ratios"
"57002",1,1,1,1,1,1,0,1,0,0,0,1,1,1,0,0,0,0,0,0,0,4,4,"Initial"
"57002",1,1,1,1,1,1,0,1,0,0,0,1,1,0,0,0,0,0,0,0,0,4,4,"Interim (Temp)"
"57002",1,1,1,1,1,1,0,1,0,0,0,1,1,1,0,0,0,0,0,0,0,4,4,"Interim (Flow)"
"57002",1,0,0,0,0,0,0,0,0,0,0,0,0,0,0,0,0,0,0,0,0,4,4,"Final"
"57002",-4.55629306151598,0,0,0,0,0,0,0,0,0,0,0,0,0,0,0,0,0,0,0,0,4,4,"Final Model Betas"
"57002",0.0105009131228803,1,1,1,1,1,1,1,1,1,1,1,1,1,1,1,1,1,1,1,1,4,4,"Final Model Odds Ratios"
"57003",1,1,1,1,1,1,0,1,0,0,0,1,1,1,0,0,0,0,0,0,0,2,2,"Initial"
"57003",1,1,1,1,1,1,0,1,0,0,0,1,1,0,0,0,0,0,0,0,0,2,2,"Interim (Temp)"
"57003",1,1,1,1,1,1,0,1,0,0,0,1,1,1,0,0,0,0,0,0,0,2,2,"Interim (Flow)"
"57003",1,0,0,0,0,0,0,0,0,0,0,0,0,0,0,0,0,0,0,0,0,2,2,"Final"
"57003",-4.43368026559228,0,0,0,0,0,0,0,0,0,0,0,0,0,0,0,0,0,0,0,0,2,2,"Final Model Betas"
"57003",0.0118707217745429,1,1,1,1,1,1,1,1,1,1,1,1,1,1,1,1,1,1,1,1,2,2,"Final Model Odds Ratios"
"57004",1,1,1,1,1,1,0,1,0,0,0,1,1,1,0,0,0,0,0,0,0,32,34,"Initial"
"57004",1,1,1,1,1,1,0,1,0,0,0,1,1,0,0,0,0,0,0,0,0,32,34,"Interim (Temp)"
"57004",1,1,1,1,1,1,0,1,0,0,0,1,1,1,0,0,0,0,0,0,0,32,34,"Interim (Flow)"
"57004",1,0,0,1,1,0,0,0,0,0,0,0,0,0,0,0,0,0,0,0,0,32,34,"Final"
"57004",-4.69761706836315,0,0,0.0484918527242013,-0.000365331080728026,0,0,0,0,0,0,0,0,0,0,0,0,0,0,0,0,32,34,"Final Model Betas"
"57004",0.00911697636891448,1,1,1.04968681969746,0.999634735644545,1,1,1,1,1,1,1,1,1,1,1,1,1,1,1,1,32,34,"Final Model Odds Ratios"
"57005",1,1,1,1,1,1,0,1,0,0,0,1,1,1,0,0,0,0,0,0,0,5,5,"Initial"
"57005",1,1,1,1,1,1,0,1,0,0,0,1,1,0,0,0,0,0,0,0,0,5,5,"Interim (Temp)"
"57005",1,1,1,1,1,1,0,1,0,0,0,1,1,1,0,0,0,0,0,0,0,5,5,"Interim (Flow)"
"57005",1,0,0,0,0,0,0,0,0,0,0,0,0,0,0,0,0,0,0,0,0,5,5,"Final"
"57005",-5.3082676974012,0,0,0,0,0,0,0,0,0,0,0,0,0,0,0,0,0,0,0,0,5,5,"Final Model Betas"
"57005",0.00495049504950495,1,1,1,1,1,1,1,1,1,1,1,1,1,1,1,1,1,1,1,1,5,5,"Final Model Odds Ratios"
"6002",1,1,1,1,1,0,0,0,0,0,0,1,0,1,0,0,0,0,0,0,0,36,39,"Initial"
"6002",1,1,1,1,1,0,0,0,0,0,0,1,0,1,0,0,0,0,0,0,0,36,39,"Interim (Temp)"
"6002",1,1,1,1,1,0,0,0,0,0,0,1,0,1,0,0,0,0,0,0,0,36,39,"Interim (Flow)"
"6002",1,0,1,0,1,0,0,0,0,0,0,1,0,0,0,0,0,0,0,0,0,36,39,"Final"
"6002",-2.51136471989683,0,1.95105705590654,0,-0.00159575206195763,0,0,0,0,0,0,-0.194241662571254,0,0,0,0,0,0,0,0,0,36,39,"Final Model Betas"
"6002",0.0811574065028422,1,7.03612122450801,1,0.99840552047339,1,1,1,1,1,1,0.823458881030799,1,1,1,1,1,1,1,1,1,36,39,"Final Model Odds Ratios"
"6003",1,1,1,1,1,0,0,0,0,0,0,1,0,1,0,0,0,0,0,0,0,42,46,"Initial"
"6003",1,1,1,1,1,0,0,0,0,0,0,1,0,1,0,0,0,0,0,0,0,42,46,"Interim (Temp)"
"6003",1,1,1,1,1,0,0,0,0,0,0,1,0,1,0,0,0,0,0,0,0,42,46,"Interim (Flow)"
"6003",1,0,1,0,0,0,0,0,0,0,0,0,0,1,0,0,0,0,0,0,0,42,46,"Final"
"6003",0.205206721403259,0,4.48705224418056,0,0,0,0,0,0,0,0,0,0,-0.822225313853221,0,0,0,0,0,0,0,42,46,"Final Model Betas"
"6003",1.22777884689732,1,88.8591244376588,1,1,1,1,1,1,1,1,1,1,0.439452645548933,1,1,1,1,1,1,1,42,46,"Final Model Odds Ratios"
